15,-2,-4,-10,-2,1,-1,1,,
-6,-1,10,10,-11,0,-2,-3,,
-7,12,-33,5,0,-4,-5,2,,
1,3,12,-7,17,14,7,2,,
7,-5,-43,39,8,0,2,7,,
0,10,20,-52,-8,-2,-1,-1,,
2,-9,-2,-8,-8,0,3,0,,
-12,-12,-18,13,-7,-12,-8,-8,,
16,26,48,14,5,5,5,2,,
-1,-28,-18,-12,-7,0,2,1,,
20,10,31,39,10,2,0,7,,
-28,-4,-7,-49,-13,-6,-4,-15,,
9,-1,-20,-36,-7,-3,-2,-2,,
-6,-17,-21,14,-5,-4,-3,-6,,
4,7,80,15,-8,-3,-2,0,,
1,-13,-18,0,2,-2,-1,3,,
7,22,19,19,-11,1,-4,-7,,
-12,3,28,24,29,7,1,-5,,
11,-10,-31,-41,-16,-8,-5,-3,,
-38,14,1,37,-8,2,4,12,,
-6,-26,-18,-7,13,-6,-6,-13,,
-4,4,-34,-16,-9,-3,-1,3,,
9,19,34,18,2,9,5,0,,
13,-10,-55,-14,4,-4,-2,8,,
0,9,24,6,-8,1,3,1,,
11,-4,27,13,4,4,1,0,,
-3,3,-43,-68,-8,-2,-1,-1,,
11,10,3,-15,4,2,1,-1,,
-48,-6,-6,9,2,-5,-2,-3,,
13,2,41,15,-10,-6,-2,-3,,
-10,-8,-55,-11,7,4,0,-1,,
5,0,73,19,-3,-5,-4,-5,,
7,-4,-39,13,8,3,2,4,,
-12,10,5,15,0,-6,-5,-1,,
5,-10,14,5,-10,-5,-3,0,,
5,6,-6,3,15,3,0,-2,,
12,-9,-14,-8,-13,-3,2,7,,
-8,2,-18,-12,-14,-7,-4,-3,,
11,13,-2,22,12,3,3,-1,,
1,-8,5,-31,-13,-6,-1,4,,
-2,-7,-3,-28,-8,-2,-2,-4,,
-15,-17,-27,1,17,3,1,0,,
-1,1,27,-14,-6,-4,-4,-6,,
3,-10,-16,22,4,5,2,1,,
6,3,18,-11,5,3,-3,1,,
12,3,-10,-1,-6,-1,2,5,,
-24,16,33,48,3,-2,-2,-8,,
29,-19,-18,-23,1,1,1,-2,,
-45,-3,15,3,-1,2,0,8,,
-4,-2,-1,25,1,-6,-5,-11,,
-6,-2,-5,-45,14,10,6,6,,
4,0,-4,33,-4,-8,-5,-3,,
2,5,-22,-22,-7,-4,-4,-9,,
14,2,49,4,1,2,-1,-4,,
-21,-9,-32,7,-5,-2,-1,-2,,
5,10,-2,8,-2,6,6,1,,
0,-5,-23,-26,13,2,-2,5,,
9,11,-33,-2,-8,-3,0,1,,
2,-14,59,23,9,1,0,-5,,
-12,4,17,-9,-10,-3,0,7,,
-17,-6,-15,8,-2,0,0,-8,,
3,6,21,20,12,2,4,10,,
18,4,-25,8,-3,0,1,0,,
-5,5,11,16,-2,-7,-9,0,,
0,3,-3,-1,-11,2,0,-15,,
-10,-18,-18,-12,0,1,2,5,,
-7,9,-8,-15,6,3,-3,0,,
11,0,11,3,7,1,2,5,,
47,12,15,10,-9,-6,-3,-6,,
-32,0,-2,-12,0,3,1,3,,
-1,-7,-14,23,-11,-4,-3,2,,
-9,4,0,-15,9,5,4,0,,
12,-4,-5,-24,-11,-4,-1,1,,
1,4,17,5,-7,-5,-7,-4,,
-17,-9,-26,-39,0,-4,-6,-16,,
-6,-1,-6,2,-3,0,-1,-1,,
-11,1,32,56,12,0,1,9,,
25,7,-2,-17,-10,-3,-1,-4,,
-7,-8,23,-65,-10,-2,0,2,,
-10,-4,-9,19,-2,-1,-2,-8,,
7,13,25,-18,-4,0,0,1,,
3,-3,-83,-15,-4,-5,0,-1,,
-8,-12,-11,28,-5,-2,-2,-3,,
-2,3,19,-6,6,4,0,5,,
-8,-12,20,-24,-11,-7,-5,-6,,
-1,5,16,27,4,0,3,2,,
9,-17,-23,-25,-12,-4,2,1,,
-1,9,10,20,23,3,-2,-7,,
19,-1,-48,-18,-7,5,6,11,,
-5,-11,28,-4,1,-1,-4,-6,,
13,8,-13,26,-5,-3,-4,-1,,
-16,-2,14,-41,-7,2,2,3,,
3,-14,6,9,14,1,3,-4,,
8,21,0,8,2,9,6,2,,
-12,0,67,32,3,-4,-3,4,,
14,-2,-16,22,-14,-6,-4,5,,
-3,0,-12,-1,13,0,0,-9,,
3,2,-12,-24,-2,0,0,-2,,
2,-1,16,0,-4,-5,-2,-2,,
-5,-13,-42,-6,-12,0,1,1,,
12,13,39,16,2,0,-1,3,,
-10,5,-30,0,9,-2,-1,0,,
18,-4,14,10,-2,2,2,5,,
-15,-25,-75,-11,16,1,-1,-9,,
-6,-14,52,31,-20,-4,-5,-2,,
-4,13,25,-68,-1,-5,-5,-8,,
-11,-17,-56,-5,-5,1,2,-1,,
23,18,31,-19,-5,-1,1,-1,,
-23,3,-38,-2,3,-1,-2,-13,,
-2,-13,-8,13,-5,-8,-6,0,,
7,7,-4,14,8,-1,1,0,,
4,-1,16,-19,-10,-3,-2,-3,,
3,5,-19,-8,4,5,1,6,,
5,-3,22,0,-6,0,-2,-9,,
-7,8,-17,10,6,-1,2,0,,
8,-5,7,-25,-11,-3,-2,-3,,
-19,-7,-7,3,-5,-7,-3,-2,,
13,2,-8,14,5,6,5,2,,
-2,-9,-33,-4,3,-6,-6,6,,
-17,3,13,25,2,6,3,-14,,
11,9,22,-46,-20,-9,-4,7,,
-10,4,-51,32,25,3,0,-1,,
-11,-27,28,5,-5,1,-1,-2,,
-14,5,15,-3,-3,-3,-2,5,,
21,5,-18,-8,-2,4,4,3,,
24,11,25,21,0,-4,-3,-5,,
-40,-21,-57,-9,-5,0,-2,-3,,
3,2,52,-5,-5,-6,-5,-6,,
3,3,16,51,9,4,3,15,,
-16,-11,-77,-46,-14,-3,-1,-13,,
13,16,98,27,16,-3,-1,-2,,
-2,-13,-38,-32,-27,-1,-1,5,,
-10,2,-6,37,16,1,-1,-3,,
26,-11,33,-33,-18,3,1,6,,
-3,12,-43,10,3,-3,0,1,,
-11,-5,-5,-28,-5,-5,-2,-7,,
-18,-21,11,-1,20,2,-3,0,,
18,12,27,26,-1,2,2,4,,
2,2,-19,-21,-5,0,1,-1,,
8,19,26,12,-10,-5,1,6,,
8,5,-37,-16,-4,0,2,-6,,
-34,-19,0,-12,10,1,-1,-1,,
44,23,-44,-8,-14,2,0,-1,,
-58,-13,24,19,16,-1,-3,-7,,
-8,10,5,-38,4,-4,-4,-7,,
-2,2,23,28,0,0,0,14,,
-8,13,18,16,9,5,3,-6,,
30,-7,-13,14,11,9,2,8,,
-12,-4,-45,16,-9,-6,-1,-7,,
-22,-8,11,-38,-6,-2,-1,-7,,
7,-16,1,-10,-9,-6,-4,2,,
-1,-1,3,13,3,-1,-1,-8,,
9,4,9,17,-1,3,2,8,,
5,1,-33,0,-2,0,4,3,,
2,-5,-4,-3,-13,-5,-3,1,,
2,8,18,15,-6,-5,-4,-4,,
-11,-17,-19,-15,4,4,-1,-1,,
1,4,28,7,4,-2,-4,2,,
-4,6,28,39,3,3,4,3,,
18,0,-30,-36,-11,-2,-2,9,,
-5,11,3,-16,3,3,1,-16,,
5,-13,14,26,-6,-6,-6,-4,,
-9,20,44,9,6,1,2,1,,
-17,-18,-31,20,5,0,0,-9,,
11,-1,14,-17,-19,-4,-1,3,,
-9,-11,-30,-22,12,7,6,5,,
-5,-8,-36,-14,-5,-6,-3,-6,,
5,-1,13,23,10,-1,-1,-4,,
4,4,-7,8,-2,-2,-1,12,,
-9,2,42,18,-4,-2,0,-3,,
24,0,1,-29,7,8,2,8,,
1,11,20,10,1,2,3,1,,
-8,-12,-4,16,7,0,-1,-8,,
-12,-1,-68,4,-1,-5,-2,3,,
1,11,54,-15,-10,1,2,-7,,
4,-6,-40,-24,8,-6,-4,-2,,
7,10,42,-1,-11,1,1,0,,
1,22,28,30,1,0,0,9,,
-20,-40,-60,-19,8,-2,-2,-8,,
15,10,-29,-4,-2,-5,-5,6,,
8,8,35,35,0,3,5,-1,,
0,-9,-5,-67,-4,5,-3,-3,,
-10,0,18,2,-9,-8,-5,-4,,
14,11,-9,19,13,4,6,13,,
38,3,25,-32,0,1,0,1,,
-54,-15,8,39,-11,-9,-9,-10,,
17,4,-16,-6,2,7,2,0,,
-20,-7,-18,13,3,-3,-4,-7,,
-2,-12,-24,-7,-7,-6,-4,-1,,
7,6,25,-13,-4,3,5,-5,,
3,-1,0,6,4,2,-1,1,,
-6,6,17,-12,1,0,-1,2,,
-10,-21,-38,3,-6,-4,-4,-4,,
-24,11,21,19,-4,-2,3,-1,,
8,3,-16,-6,-1,-4,-4,3,,
8,-9,2,-1,4,-2,0,-6,,
-7,4,31,18,5,5,2,7,,
12,-17,-47,-17,5,-4,-5,-5,,
1,5,-11,-4,-19,-3,2,12,,
-25,-3,11,-29,-11,-5,-3,-18,,Training Set 1
32,-14,35,23,-3,0,1,4,,
-37,-2,0,-27,-9,-5,-2,-2,,
18,15,62,26,-5,-4,0,8,,
-19,-5,-53,2,5,2,-1,-19,,
17,3,-43,-42,-8,-3,0,4,,
3,-3,29,37,2,0,-1,0,,
-6,2,31,5,0,5,3,7,,
14,-7,-6,-16,-17,-10,-6,1,,
-6,5,-54,-12,3,2,0,-2,,
5,-7,32,21,-8,-3,3,3,,
-20,-6,-66,-4,-8,1,0,-4,,
5,23,55,21,4,-4,-3,-3,,
14,-13,15,8,-7,2,-1,-2,,
3,-1,9,16,15,-1,-3,6,,
-10,7,-26,-4,-10,-2,-1,-14,,
-10,4,0,-46,-9,-4,-2,-2,,
3,-21,-14,22,7,-6,-8,-1,,
18,13,45,18,3,7,4,-6,,
6,-3,-31,-3,6,8,3,1,,
-5,-7,-22,24,-3,-7,-3,-1,,
-12,3,68,-25,-4,5,6,5,,
-8,-5,-29,-9,-7,-6,-5,-8,,
-6,3,3,33,7,0,3,3,,
21,7,25,-4,12,4,0,-4,,
-70,-6,-19,-9,-7,-9,-4,1,,
0,8,-19,-35,3,5,1,6,,
14,7,32,28,2,2,-1,-10,,
6,-23,2,-15,-14,-4,0,3,,
-6,6,-55,0,8,0,0,-5,,
11,5,16,11,-5,-5,-7,-3,,
-13,10,-5,-22,4,0,2,3,,
8,-8,-29,-9,-11,-3,-3,4,,
-4,-24,12,23,7,-1,0,-5,,
1,14,22,-45,2,2,4,6,,
30,8,26,-8,11,2,0,0,,
-75,-25,-23,2,-2,-2,-3,-3,,
20,7,20,-5,-11,-2,-2,2,,
-16,-7,-41,-6,-5,0,-2,-18,,
-6,-20,-21,-2,-2,-4,1,6,,
11,13,41,17,11,-2,-3,-3,,
9,3,-27,2,-3,0,-2,-3,,
-21,-13,-14,-10,-25,-3,-1,5,,
6,10,15,-16,16,3,4,1,,
-8,-8,-76,20,-4,-4,-1,-4,,
-3,0,88,-12,-7,0,2,2,,
16,8,26,48,16,1,-4,4,,
-11,-26,-40,-31,-18,-5,-1,-1,,
15,20,16,0,-1,0,-1,4,,
26,-4,-86,-27,1,2,2,0,,
-42,2,20,11,13,4,4,-1,,
-4,6,41,6,-11,-6,-7,-3,,
3,-18,-44,-46,-2,1,1,-3,,
14,17,13,38,-3,-3,-1,10,,
8,-20,-46,-16,5,2,1,-11,,
-5,17,108,7,-10,-6,-4,4,,
0,-33,-58,11,-1,-8,-1,3,,
-15,-3,-1,-23,-9,1,-3,-3,,
28,9,19,24,14,6,1,5,,
10,0,-53,-32,0,4,1,4,,
-56,-4,45,5,3,-1,2,4,,
-2,-1,-37,1,-1,-8,-3,-9,,
2,2,4,-4,-1,1,2,1,,
6,7,9,44,-3,1,-2,-1,,
25,8,25,-42,-8,3,4,9,,
-6,0,-54,11,19,9,1,-5,,
-10,6,31,-9,-1,-4,-2,1,,
11,-4,-49,11,-2,-3,-2,4,,
7,18,39,27,2,0,-1,-2,,
-20,-6,22,-3,-12,-2,-3,-4,,
39,-9,-34,39,15,-4,-4,6,,
-13,-7,-7,-43,1,0,-1,-3,,
5,9,14,12,-4,3,1,-2,,
3,-7,-3,1,1,-1,1,-3,,
-3,-7,9,21,-6,-6,0,7,,
-27,-15,-46,17,-8,-1,-3,-15,,
11,-1,3,-42,9,-2,-6,-8,,
4,5,-24,9,-12,-6,0,2,,
-4,-3,30,-23,-6,4,2,10,,
-15,-2,-6,40,10,2,1,-2,,
24,8,3,11,0,0,-2,2,,
-57,-1,11,-23,-2,3,0,-5,,
5,-6,-16,1,-16,-7,-3,-6,,
5,3,22,11,18,-1,-1,1,,
12,12,1,-31,-14,7,7,2,,
8,0,66,4,-2,-8,-5,7,,
-16,-14,-69,-10,-7,-1,-1,-17,,
29,14,3,0,-8,2,3,1,,
-21,-20,-6,12,14,-3,-4,-4,,
25,15,38,48,13,6,7,12,,
-9,3,13,-67,-9,-1,-1,-4,,
13,16,25,18,2,1,3,1,,
-9,-37,-49,16,0,-8,-5,-4,,
4,10,0,-27,-7,-1,-2,-12,,
-10,13,13,14,6,4,3,3,,
-4,-27,-9,-4,13,-1,-1,4,,
-2,10,37,16,-1,0,1,-9,,
4,-3,-50,-21,-17,-4,-2,1,,
9,-2,-10,-12,4,4,3,-1,,
19,21,77,5,-4,-5,-1,7,,
-13,-13,-92,27,-3,1,2,1,,
6,-18,7,-1,3,-7,-8,-9,,
-5,11,69,6,-5,-2,0,-3,,
-8,-17,-53,-8,-6,-5,-4,-2,,
8,17,80,22,7,6,5,6,,
-2,5,-24,-26,6,-1,0,3,,
5,-10,-18,15,-7,5,3,3,,
-26,-4,1,-56,-11,-14,-18,-22,,
6,-4,-8,34,0,1,0,6,,
10,2,-20,-17,8,2,2,-3,,
-53,21,43,-13,-5,5,4,-2,,
13,-32,-21,26,-1,-1,5,14,,
-3,1,7,-10,-4,-2,-3,-3,,
-4,1,-1,-58,0,1,0,-4,,
12,-3,-64,52,10,-11,-9,-4,,
-8,13,61,-41,-13,5,2,-4,,
3,11,28,-17,-1,-1,2,1,,
-3,-6,-44,31,6,4,5,3,,
19,-6,23,-9,-14,-12,-8,10,,
-4,7,7,11,4,3,1,-7,,
11,1,-11,-6,0,-3,-2,-3,,
31,-4,68,-4,2,0,-2,-5,,
-53,-8,-22,9,8,4,0,3,,
-2,-3,10,8,-8,-5,-2,-4,,
12,3,-7,-20,0,6,3,3,,
-16,13,35,35,3,-2,-3,-5,,
35,-8,-48,6,-3,-2,-3,-6,,
-5,-4,-25,7,-1,-4,-3,-1,,
-25,-7,69,-3,-7,1,-2,-7,,
-13,-2,-56,-12,-7,2,3,10,,
23,-3,17,2,-3,-2,-1,7,,
-39,-11,-62,10,8,-5,-3,-23,,
53,26,-4,-28,-8,-2,2,4,,
-42,-44,-68,21,7,1,-5,-2,,
19,19,28,-12,16,2,2,-4,,
-27,-19,-42,-27,-23,-5,-4,3,,
12,7,33,19,4,4,3,1,,
5,13,64,16,0,-9,-5,-5,,
-2,8,-13,-22,-7,0,3,1,,
8,-10,-55,3,7,4,-1,5,,
-22,-8,-41,-11,-11,-5,-3,-6,,
32,21,36,17,26,10,5,5,,
-67,-14,-52,-29,-22,-9,-5,-9,,
-6,-10,84,-10,-7,-2,-3,-7,,
-3,-10,-55,14,3,-4,-4,-2,,
5,11,-8,-6,7,-1,-1,-3,,
20,-3,60,9,-3,-2,0,2,,
1,10,34,32,-8,2,3,8,,
-13,2,0,-37,12,0,-12,-11,,
-4,-2,-32,9,-7,-4,-2,-2,,
-3,-5,-13,-32,5,5,4,2,,
13,25,30,13,-3,1,2,3,,
18,-37,-22,11,-8,-7,-4,1,,
-56,5,55,7,-19,-4,-2,5,,
-4,-19,-18,-3,8,0,-3,-22,,
15,5,-14,-25,-3,1,1,1,,
-3,16,5,7,4,5,6,3,,
14,-11,-19,-11,-12,-7,-8,-8,,
-2,-12,-9,8,1,-6,-6,-1,,
0,7,8,9,9,-1,-2,0,,
-11,16,11,-4,4,8,3,2,,
1,-16,18,-10,-14,-1,-1,-2,,
28,6,-17,8,5,-1,-2,-5,,
-11,0,15,23,1,-5,-3,5,,
-15,3,62,-36,1,5,2,-7,,
5,-3,-80,-2,1,0,-1,-1,,
-1,4,27,-13,-9,0,1,1,,
25,3,-31,-20,8,2,3,3,,
-4,3,32,35,-7,-2,0,4,,
2,-3,-5,-12,0,-1,1,-5,,
5,-13,-25,11,3,-2,0,-1,,
-3,-2,-27,-20,-14,0,-1,-7,,
6,-5,8,4,15,-2,-4,4,,
17,10,-4,3,7,0,4,5,,
12,0,-43,16,-18,-5,-2,12,,
-10,-13,3,-14,3,3,0,-16,,
0,0,-35,33,9,0,0,-3,,
-8,4,47,18,0,-1,0,6,,
11,10,2,-52,-5,-2,0,10,,
9,-12,39,13,-6,-3,-4,4,,
-2,0,-17,-10,-1,1,0,-3,,
-3,-1,2,-3,2,-1,-2,-1,,
-8,11,23,30,7,2,2,-3,,
10,12,14,10,-3,-4,-1,6,,
-28,20,32,-22,-3,-2,3,1,,
8,-34,-12,13,-6,8,6,10,,
-1,-1,16,-37,-7,-9,-12,-21,,
-19,-17,-43,-14,-1,0,1,4,,
18,12,-14,36,-9,-6,-3,-1,,
13,3,-23,-25,11,6,5,4,,
-8,3,-60,-1,8,4,1,1,,
3,-1,39,25,-2,-3,-2,-5,,
-13,-7,8,-7,-5,-5,-5,-5,,
-1,6,1,2,-2,3,3,1,,
-21,7,68,36,4,-1,-1,0,,
1,14,-7,9,1,1,-1,-2,,
10,-8,-33,-48,-7,-1,2,2,,
-26,-6,-19,-21,-14,-10,-7,-10,,
10,-5,42,31,16,8,8,15,,
2,8,-7,-35,10,-1,0,-8,,
12,1,26,7,2,4,4,6,,Training Set 2
-17,-7,12,14,-4,-6,-2,-4,,
21,-12,-47,23,2,-4,0,-1,,
-23,-4,-2,-74,-12,-1,-1,-1,,
1,2,11,9,-12,0,0,-1,,
2,-6,-8,11,2,-1,-2,-3,,
-23,-2,-27,-38,6,0,1,7,,
10,13,39,29,-2,2,6,0,,
-16,-39,-30,2,-8,-6,-2,1,,
8,9,10,-23,-9,-3,-6,-12,,
4,9,18,15,4,2,0,0,,
-7,10,-2,-7,3,5,3,8,,
1,-2,-6,-8,-7,2,2,-4,,
0,-3,6,40,-9,-10,-3,0,,
0,0,-5,-16,14,5,-1,-1,,
-3,-5,-35,-19,-2,-5,-3,-1,,
1,5,16,24,7,2,0,1,,
-4,0,-1,5,5,8,5,1,,
7,2,-19,-15,-8,-4,0,2,,
-16,-13,-25,25,6,-3,-1,-13,,
54,8,45,-20,-18,-7,-1,3,,
-43,3,-35,-30,17,8,1,-2,,
-3,-10,6,32,-4,-11,-10,-7,,
17,14,17,5,-1,3,5,12,,
4,-17,12,21,11,0,2,1,,
4,2,-9,-22,-9,-1,-5,-5,,
9,-6,-2,3,-9,-2,1,-5,,
-10,7,19,19,9,-2,-6,-2,,
-12,-5,-14,-27,6,0,-3,-7,,
5,1,6,38,-9,1,5,9,,
-12,-4,0,-65,-5,-2,-1,-4,,
21,-3,-24,18,-2,-6,-2,4,,
-4,9,11,-31,3,-1,-2,-9,,
11,2,4,13,15,5,3,3,,
11,12,14,12,-14,-4,-1,0,,
-5,-8,15,7,-5,4,3,-5,,
-10,1,-37,7,1,-9,-4,-7,,
-9,-16,-20,-27,-6,-5,-2,1,,
13,7,37,59,11,0,1,2,,
-15,4,39,-17,-13,2,1,3,,
9,11,6,-8,-3,3,5,8,,
-4,-18,-26,0,1,-7,-9,-11,,
-5,-3,-22,5,5,2,1,6,,
-6,-4,5,16,-7,-4,-3,2,,
-5,14,-2,25,6,4,1,-2,,
10,-15,3,-14,-18,-7,-3,2,,
-7,-8,-3,-20,-4,-8,-4,-3,,
13,2,-16,10,23,7,5,3,,
32,7,-1,-15,-9,0,2,1,,
-57,2,22,15,-4,-2,0,-2,,
-3,-13,-10,21,9,1,1,-2,,
-11,-7,-20,-56,-15,-7,-6,-6,,
20,16,34,-48,-13,3,0,11,,
14,3,-26,13,13,2,1,1,,
-6,3,-8,-16,-7,1,1,-3,,
-8,-5,-14,25,11,2,2,-3,,
-19,-14,-25,23,-4,-4,-3,-7,,
13,13,26,-39,-14,-2,1,1,,
-4,4,22,9,12,5,1,4,,
-6,1,16,-25,-7,-6,-7,-14,,
-11,-19,-70,18,5,-1,-1,-6,,
-13,8,43,-1,5,-2,0,2,,
17,8,-2,11,-4,3,3,2,,
-9,-10,-24,-70,-6,1,3,2,,
-5,-10,20,-8,-6,-9,-9,-3,,
9,2,-33,28,-3,5,4,-2,,
-2,-5,5,-16,-6,-3,-4,-2,,
-2,7,-34,15,-1,0,0,-1,,
-4,6,52,6,12,1,-2,-3,,
14,-10,-1,-41,0,3,-1,2,,
-7,4,21,26,4,2,2,0,,
-2,-14,-26,31,-2,-5,-3,-4,,
-5,-5,-37,-46,-12,-3,-1,1,,
13,7,9,45,16,6,2,-6,,
-3,-2,5,-25,-5,-2,1,-5,,
0,-2,14,8,-4,-2,-1,3,,
-6,6,-6,11,0,-1,3,4,,
0,3,22,-1,1,1,2,5,,
11,-3,-69,-39,17,4,-1,-2,,
-3,-16,13,12,-6,1,-2,1,,
-6,-8,10,32,10,-5,-4,-4,,
8,13,-20,-27,-24,0,2,6,,
-4,-5,11,0,25,8,1,-6,,
32,1,11,-1,2,-7,-4,-3,,
-39,-6,-16,20,-5,0,0,3,,
20,3,11,-6,-2,-5,-2,6,,
-28,-7,-9,15,1,-2,-4,-23,,
11,9,13,-28,-5,6,4,11,,
23,-3,-11,-10,-7,-5,-2,-4,,
-3,-12,-12,-1,-6,-5,-6,-7,,
-3,3,-12,14,11,3,0,8,,
-9,1,20,-9,5,-4,-4,-2,,
-1,8,8,14,-15,3,5,-4,,
-12,-18,-28,2,19,1,-6,-10,,
5,-11,-11,-80,-36,-11,-2,1,,
-12,4,2,40,19,-1,-2,-5,,
8,6,-2,-3,3,4,3,6,,
-29,-4,11,10,-10,-7,-4,-2,,
17,6,15,22,-7,-3,-2,8,,
-12,-2,-8,-11,7,5,1,-20,,
-3,-8,-4,-20,-10,1,1,7,,
0,13,5,37,7,-3,-3,0,,
7,-11,13,-11,-5,2,0,-1,,
-9,-2,-16,4,-18,-6,-2,4,,
8,0,28,-3,15,7,0,-2,,
-3,5,-23,3,-6,-4,-1,-6,,
-6,2,34,4,12,2,1,5,,
14,1,-16,-10,-8,0,1,-1,,
-10,-3,0,-1,-6,-4,-4,-5,,
29,-8,10,-6,-4,-7,-3,1,,
-15,3,4,27,11,3,0,-2,,
-2,-10,-26,-4,-18,-3,-3,1,,
2,11,44,3,27,5,-3,-3,,
13,-11,-31,-24,-7,2,1,5,,
1,1,0,27,5,1,-1,-10,,
-19,1,52,7,4,5,4,-6,,
-4,-2,-37,-18,-4,-12,-7,-7,,
10,8,14,-18,-10,4,2,6,,
-5,-7,-46,-37,-2,-6,-5,4,,
-4,7,14,58,3,-4,-1,0,,
21,9,-8,-32,-7,4,2,-1,,
-75,-17,10,7,13,3,-1,-7,,
0,10,3,10,-15,-7,-2,2,,
-2,-20,-20,-47,-8,-7,-1,-6,,
17,-1,-12,20,2,0,-1,10,,
14,-4,23,-19,-11,-2,2,-12,,
-2,9,14,-28,-13,4,2,4,,
3,16,37,6,13,7,6,8,,
-10,-12,-34,36,-11,-4,0,4,,
69,15,22,-2,19,7,4,2,,
-70,-5,15,-6,-17,-10,-8,-6,,
16,-1,-4,36,0,-2,-2,2,,
-15,-2,-24,-31,2,5,2,-2,,
5,4,-19,1,2,3,1,3,,
13,-7,10,16,2,-5,-1,-3,,
-6,0,-49,-7,-3,0,-1,-4,,
-7,-2,84,3,-5,0,2,4,,
-7,2,-24,14,-9,-7,-3,-10,,
8,-4,0,-6,8,-2,-3,4,,
-20,3,2,-7,0,1,-2,-15,,
15,0,6,40,-8,0,1,1,,
-5,-6,-4,-22,14,-1,-1,3,,
7,14,-11,3,-11,-1,5,5,,
23,-5,16,-10,-9,-2,-3,0,,
3,-4,-37,19,2,-1,1,0,,
-10,-5,1,20,11,3,-2,-6,,
0,-11,-26,-91,-20,-6,-5,-2,,
6,11,-14,8,5,3,3,11,,
-6,-6,-1,10,11,1,-1,-10,,
1,12,78,34,-11,-9,-3,10,,
12,-1,-16,-14,13,5,1,-13,,
-6,-13,-3,-2,-11,-1,-2,0,,
32,5,-28,-25,-8,-4,-4,1,,
-35,-11,-23,5,8,0,1,1,,
1,-8,2,9,-7,0,-1,2,,
13,4,22,20,4,-2,1,-1,,
-14,-7,-2,-53,-22,-5,-2,-2,,
8,7,29,-3,4,-2,-1,0,,
2,3,-26,11,-12,-5,-1,-3,,
-24,-5,25,13,9,0,0,-1,,
4,6,-29,-4,-5,3,1,8,,
-3,-26,-18,-11,-12,-6,-7,-16,,
2,16,37,19,-7,5,3,5,,
-7,-8,-10,-23,17,-5,-4,10,,
-8,9,19,16,-7,-5,-2,-6,,
19,8,-12,-29,-9,4,3,4,,
6,-12,-10,42,14,-6,-7,-8,,
-11,2,-4,-14,1,1,-1,7,,
5,-12,7,-54,-16,0,1,-3,,
-3,13,-5,29,11,-1,-3,-1,,
2,2,-9,14,-7,-5,-2,-8,,
-4,2,7,0,-4,3,-1,5,,
11,-3,-2,7,17,5,3,3,,
-68,-3,-42,3,-10,-6,-2,-15,,
-3,-5,40,0,3,5,3,1,,
9,-1,-31,-36,9,-2,-5,-5,,
-4,20,54,26,-1,5,2,8,,
16,-5,-59,5,-9,-2,0,-1,,
7,-11,3,-22,11,-1,-3,-1,,
-6,2,-36,4,1,4,3,0,,
-9,5,19,19,-2,-7,-3,-4,,
18,7,10,-25,-11,0,-1,4,,
-15,-17,-18,32,12,0,0,0,,
46,8,31,-18,-20,-1,-2,9,,
-24,-15,-35,-9,8,0,1,-8,,
13,4,-14,-8,-4,-1,1,-2,,
-4,11,38,15,-6,-3,0,5,,
6,-5,-8,-26,1,1,1,-2,,
-10,-2,-38,-5,1,-4,-4,-1,,
-9,-11,25,12,13,2,0,-1,,
15,8,-39,4,-12,3,1,8,,
-5,10,32,46,7,-5,-5,-7,,
-17,-4,0,-29,5,-1,0,-4,,
11,-10,-4,-20,1,-6,-7,0,,
13,3,-12,11,5,1,-1,6,,
-21,-1,5,42,-17,-5,0,-11,,
1,-6,-33,-22,7,0,-3,-8,,
-4,6,50,-7,8,6,3,9,,
13,-1,8,-20,-21,-14,-11,0,,
-4,1,-6,-7,12,7,5,-1,,
-9,2,18,15,1,-2,-2,-2,,Training Set 3
8,10,-11,-12,3,2,5,3,,
-7,-14,-24,-10,8,-1,-2,-5,,
-3,5,24,-6,-3,15,9,5,,
30,3,-18,0,-10,-12,-7,-6,,
-56,15,13,7,5,6,3,2,,
-3,-20,-25,1,-17,-12,-5,-4,,
-8,-16,-23,-40,21,12,4,6,,
-9,8,41,18,-11,-5,-1,-5,,
21,-7,-37,1,12,-4,-6,-4,,
0,9,54,-8,-16,3,4,7,,
-18,-4,14,25,-4,-7,-2,-5,,
-6,-1,-16,-22,10,-3,-8,-6,,
24,-14,-45,0,-22,-5,-2,3,,
-15,1,52,19,1,4,3,-1,,
10,6,-62,-33,-3,-5,-3,1,,
4,-14,28,1,-12,0,-1,-5,,
-27,3,33,27,14,0,-7,-2,,
5,0,-13,6,5,-3,-2,-2,,
0,0,-25,-9,-10,5,3,6,,
7,7,2,0,13,1,2,5,,
7,-1,-1,15,-6,0,-2,-12,,
3,-6,-3,-17,1,0,0,0,,
-12,16,22,-14,-17,-2,0,1,,
-4,0,-7,8,29,6,3,-3,,
22,-15,2,-64,-9,3,2,14,,
5,10,-25,-5,-13,-9,-1,-1,,
-4,3,41,43,18,7,2,-4,,
-1,6,-6,-4,-25,-5,-6,-7,,
15,14,78,15,20,9,9,9,,
-37,-22,-92,-15,-9,-5,-7,-2,,
3,-16,8,-2,-8,-7,-2,-5,,
5,9,23,17,11,8,3,10,,
-16,1,11,25,-7,-6,-1,-9,,
38,1,-29,-58,-3,7,4,8,,
-9,-7,-8,3,-5,-8,-4,-5,,
-30,-6,-14,9,9,2,-2,-9,,
7,-4,-2,24,1,-1,-3,2,,
14,5,10,18,3,7,3,4,,
-3,-7,-15,-31,-7,-4,-3,-5,,
37,10,8,-24,1,-8,-3,-3,,
-49,-17,-68,-1,2,4,0,-2,,
-4,0,22,16,12,-3,-3,-11,,
6,0,-53,-2,-4,8,5,8,,
-3,-10,3,26,-6,-4,0,3,,
21,21,44,-10,10,4,1,-2,,
9,5,-21,32,14,2,1,4,,
-12,-12,-14,-22,-3,-6,-4,-6,,
14,10,34,13,-5,0,0,1,,
4,5,14,12,-11,-2,2,1,,
-11,-2,49,8,4,2,3,7,,
11,5,-23,0,13,5,-1,1,,
-22,-13,-7,18,-4,-5,-3,-3,,
11,-2,-19,-55,-15,-8,-6,-8,,
0,6,9,-2,-11,-5,-6,-2,,
27,2,-15,17,-6,-3,-1,-3,,
-25,-4,-29,1,1,0,2,3,,
4,0,16,7,20,5,2,-10,,
-5,10,26,-29,-14,-8,-5,-1,,
10,-13,10,27,4,0,2,6,,
-9,-1,6,-31,-9,3,1,-4,,
4,-3,8,-17,-6,-8,-2,8,,
17,-6,-64,13,4,-4,-5,-5,,
-13,5,12,1,6,3,2,-3,,
1,0,27,-11,-5,-2,-1,-2,,
-6,6,13,-16,-12,-2,-2,0,,
-3,-1,-24,9,9,6,3,-1,,
21,9,52,31,-2,-4,-4,-4,,
-30,-9,-18,-35,5,-3,-2,9,,
19,7,23,-2,-19,1,1,-3,,
-9,3,-3,26,25,7,2,1,,
15,3,8,-43,-10,-2,1,1,,
1,1,-31,12,-7,0,-1,-1,,
6,-22,19,28,18,1,0,3,,
-9,-6,-3,-13,-14,3,2,0,,
-17,2,25,7,2,-2,-1,-3,,
5,9,25,22,11,3,1,-1,,
-5,-11,-54,-44,-9,-8,-2,3,,
-7,3,-1,9,-13,-4,-2,-7,,
-10,-9,19,-40,-11,2,1,0,,
14,13,17,33,15,5,2,7,,
36,13,50,9,-1,3,3,-8,,
-53,-29,-37,10,1,-1,-1,-1,,
-7,23,17,16,-1,1,-1,-2,,
16,-12,-55,-20,-8,-10,-8,-9,,
7,-13,-4,-39,-5,5,3,11,,
2,19,20,-21,-1,2,1,-2,,
-5,-42,-24,41,-1,-6,-5,-5,,
-11,-3,-27,-38,9,5,3,-3,,
-19,8,32,36,2,-3,-4,-3,,
21,8,30,-18,-7,-5,-5,1,,
-2,-9,-90,-8,-7,0,0,1,,
-50,-4,37,-2,6,1,0,4,,
-1,8,-31,9,-2,0,0,-8,,
-1,16,58,26,1,-3,-1,-1,,
15,5,-36,0,9,4,1,1,,
10,-15,-5,15,-2,-6,-6,-5,,
-10,-3,-15,7,-7,-11,-9,0,,
-3,-2,7,-7,-13,5,6,4,,
-7,9,18,-48,13,3,-2,0,,
-4,4,-13,15,-13,-2,-6,-18,,
2,6,19,36,21,5,2,5,,
17,-16,-20,-31,-3,-2,-2,0,,
18,8,49,5,-7,-5,-1,7,,
-19,-3,45,12,6,6,4,2,,
-24,-14,-9,2,-6,-10,-12,-12,,
17,-5,-37,8,1,-2,0,2,,
5,14,43,-11,-8,4,5,3,,
5,-5,-42,-3,-6,-5,-3,-3,,
7,12,-17,14,4,5,5,7,,
-5,-13,16,-12,1,-3,-4,-4,,
-24,10,5,22,3,7,1,-3,,
14,-12,0,-21,-13,-8,-3,0,,
-2,-15,-44,-21,-5,-1,-1,-3,,
5,3,1,15,-9,-2,1,12,,
-29,2,10,16,20,2,0,-18,,
29,5,14,-19,-13,-1,0,0,,
-18,0,11,7,1,0,2,10,,
-1,-7,-13,-3,7,-3,-3,-7,,
18,3,16,2,-21,-7,-4,1,,
11,5,-45,-5,0,-1,-2,3,,
4,-8,-11,-2,0,4,3,6,,
-4,-2,27,39,8,2,0,-5,,
-2,2,-13,-71,-3,-1,0,0,,
3,-5,-22,10,2,4,3,-2,,
0,12,31,-6,-4,1,2,-2,,
-8,-10,-32,-5,1,-4,-5,-1,,
-5,0,-14,14,-6,1,1,1,,
44,7,29,-14,16,4,2,9,,
-44,-9,-22,4,-2,-4,-3,-19,,
10,10,15,-26,4,-3,-7,-3,,
-15,-20,-49,11,-4,-1,-4,-5,,
8,1,50,-2,-18,-7,-2,-2,,
20,-6,-24,-20,5,-1,0,12,,
-3,-9,-42,-30,-6,-5,-4,-6,,
-15,-2,31,21,-4,-5,-4,-5,,
-6,0,-10,16,12,3,1,7,,
16,9,34,13,-2,-5,-2,2,,
-12,3,22,6,2,5,4,-7,,
26,9,-44,-22,6,0,2,17,,
-16,-9,9,1,-3,2,2,-10,,
6,-1,5,-25,-8,1,0,1,,
3,6,12,34,19,7,6,8,,
1,-1,-1,12,-26,-8,-5,1,,
-3,-5,-15,10,21,5,-2,-6,,
-11,-2,-37,-16,-14,-8,-6,-1,,
17,3,21,17,-7,5,2,0,,
-20,11,14,-29,-6,-1,2,-4,,
0,5,3,8,6,-1,3,3,,
5,-9,23,-2,6,2,4,2,,
-3,-6,-16,9,-14,-4,-4,-3,,
-4,-4,9,5,-5,-5,0,-2,,
-18,6,-15,-13,-8,-5,-3,2,,
-9,-3,-16,15,18,-1,0,-9,,
7,-20,-56,-52,-24,-2,-2,-5,,
-8,9,85,25,18,4,2,3,,
0,11,22,6,-1,3,0,0,,
17,-2,-18,17,-6,1,0,7,,
-13,9,13,-7,-3,2,3,1,,
11,-7,-2,14,-1,-4,-8,-6,,
-11,-5,-24,-2,-19,-8,-2,-5,,
-28,17,43,34,23,6,0,0,,
21,-9,-38,-13,9,0,-1,0,,
-36,-21,-3,-7,7,-1,-3,-5,,
6,13,24,16,-8,2,5,9,,
2,-5,-37,-5,-12,-3,-4,-3,,
-10,16,25,-17,-7,-7,-1,-5,,
24,3,-7,-21,13,8,5,5,,
-16,-13,-38,-3,0,-5,-4,-5,,
3,2,-13,3,-2,6,4,-5,,
3,-6,45,2,-1,-9,-7,6,,
-12,-10,4,24,8,5,2,-6,,
-22,-7,-3,-34,-15,-10,-13,-9,,
28,3,-17,-17,14,2,0,1,,
11,11,29,10,10,1,2,1,,
-19,-6,-17,28,-6,-6,-3,-15,,
3,8,-21,-1,5,1,0,4,,
-4,-12,47,23,-18,-4,-4,-2,,
4,-1,-48,-47,-6,-2,-3,-6,,
11,0,-38,-1,3,-3,0,1,,
4,-18,-4,24,1,6,5,9,,
11,6,29,-19,-5,-6,-5,0,,
-14,-8,-77,6,9,6,2,-6,,
-2,3,74,7,-10,-6,-5,5,,
-11,-1,-12,-32,-6,-3,-2,-6,,
11,17,17,30,10,2,4,6,,
15,-14,11,13,6,2,-3,-4,,
-38,-1,-35,2,-10,-7,-3,-9,,
11,4,6,1,21,8,3,0,,
-2,-6,-50,-25,-5,-3,-1,2,,
2,11,93,33,-3,-6,-4,-1,,
21,-7,-50,-4,0,-3,-5,3,,
-6,5,17,-1,-4,-2,2,0,,
17,-22,-84,-33,-17,-4,-2,8,,
-8,0,-18,33,17,6,3,0,,
-5,4,57,-21,-5,-2,0,-2,,
27,6,19,12,-6,-1,0,-3,,
-17,6,15,-11,-13,-6,-2,2,,
-24,-6,-31,3,20,6,0,-3,,
17,14,11,16,-8,-2,-2,1,,
11,-10,-24,-1,9,1,0,1,,Training Set 4
-22,12,5,26,-4,-2,0,-14,,
3,14,7,-12,6,-1,1,5,,
6,1,5,-11,6,2,7,3,,
-1,-16,-53,-22,-3,0,-4,-4,,
1,1,23,10,15,5,4,18,,
-3,10,33,15,-7,-4,-2,-6,,
44,13,-17,-10,8,6,1,5,,
-53,-6,53,-11,-15,-7,-5,-11,,
-1,-9,-68,-43,-8,-8,-6,-1,,
-10,-22,-35,24,6,0,-1,-9,,
15,22,58,-7,3,4,6,10,,
10,-19,11,27,-4,-17,-10,-11,,
-33,-7,-12,-14,-7,0,-5,-10,,
3,1,1,8,-5,1,3,1,,
-9,-3,2,11,6,-1,-2,-2,,
1,12,-35,-6,15,8,2,6,,
15,-4,-10,4,-7,1,3,9,,
29,-12,6,-48,-9,-5,-9,-15,,
-87,-3,-12,42,-14,-8,-4,-2,,
2,5,36,8,4,-6,-3,-5,,
20,4,-13,-7,2,3,3,1,,
-13,13,44,21,3,-1,2,4,,
6,-1,-43,4,-5,1,0,-3,,
18,-1,-26,-8,-7,1,0,2,,
-5,-10,34,16,-10,-1,1,5,,
0,2,-15,21,18,0,-7,-19,,
-6,-16,3,-44,-19,-6,-4,0,,
-5,10,26,-4,-4,-4,-1,-3,,
23,2,20,34,9,-3,-5,-3,,
-3,5,-17,24,0,1,4,13,,
6,-15,8,-21,7,1,0,4,,
-16,3,-13,-6,-2,2,-1,-6,,
-15,0,-8,-21,-4,1,-2,-7,,
3,-13,-29,4,-3,-2,-4,1,,
-3,7,-15,44,10,3,1,0,,
9,-1,10,-66,-13,-3,0,4,,
-26,-8,6,-13,-1,-1,-2,-3,,
4,4,10,27,-3,-1,3,-4,,
14,12,9,-15,-3,6,4,3,,
1,-2,-10,35,9,1,-1,1,,
14,-5,3,-72,-21,1,0,2,,
-4,-8,-15,14,1,-4,-2,1,,
-5,-1,2,12,21,2,0,-4,,
3,-8,28,18,-10,-2,0,1,,
-48,9,14,-9,4,-6,-6,-12,,
5,9,-28,27,4,2,3,10,,
15,-1,44,-21,-4,0,2,-1,,
-12,-15,-42,-7,-5,-6,-2,-7,,
20,18,8,31,-1,5,1,-1,,
-2,0,-6,1,12,-4,-3,6,,
-7,10,21,-2,-23,-3,-2,-5,,
3,-3,-35,-26,13,-2,0,1,,
6,-9,-5,8,-2,-3,0,-5,,
6,2,10,0,-4,3,1,5,,
17,1,-20,23,4,-1,0,3,,
-52,-6,29,1,-7,1,0,-6,,
7,-8,-85,-29,-6,-2,0,5,,
-11,-6,13,9,13,1,0,-7,,
-6,15,15,-25,0,5,4,-1,,
13,-9,47,1,-1,-8,-6,-5,,
-8,-3,-43,16,-5,-1,1,0,,
-6,4,10,-1,-4,4,2,7,,
12,-16,-27,-23,-6,-2,-1,1,,
-3,4,-16,21,12,-2,-2,-15,,
0,-1,13,1,-7,2,-1,-5,,
0,-3,-42,-17,-1,-3,-2,-1,,
6,5,20,-14,-15,-5,-1,4,,
7,-13,-56,-5,5,-1,-2,1,,
16,-4,1,33,19,5,3,2,,
-9,-11,5,-18,-24,-8,-9,-5,,
-10,1,37,-5,4,-2,-2,-3,,
13,1,1,39,-16,2,2,2,,
13,7,17,22,15,-1,0,1,,
2,-2,-13,-43,-4,6,2,2,,
-19,-2,-10,2,-8,-3,-2,-5,,
23,16,38,3,5,4,2,5,,
-12,-19,-37,3,-1,-2,1,-1,,
-17,2,15,13,1,-3,-5,-11,,
-10,-14,-16,-8,0,-5,-2,-3,,
10,20,-14,-2,2,4,2,5,,
-21,-10,16,-16,-24,-5,-4,-10,,
15,-1,13,11,23,4,3,10,,
30,10,2,15,1,2,-2,-5,,
-81,-18,-9,-42,-13,-11,-8,-2,,
1,13,16,18,11,1,0,4,,
15,-6,19,0,-9,-3,1,-6,,
-12,-1,13,5,-5,-4,-3,2,,
33,11,-11,10,9,8,3,8,,
-23,-3,22,-26,-2,-7,-4,-18,,
-17,-9,-21,8,0,-2,-2,-7,,
3,8,21,1,-3,3,-1,7,,
24,3,0,-34,-6,-3,2,0,,
-30,-15,3,8,1,3,2,3,,
15,7,-6,27,13,0,1,2,,
0,-8,-33,5,-5,-3,-1,-5,,
0,0,43,-10,-4,2,2,2,,
24,18,43,-18,-8,-4,-2,7,,
-2,-8,-63,4,22,1,1,-1,,
-25,1,11,1,-10,-1,0,-2,,
17,-18,3,2,-4,-2,-4,-2,,
0,2,-7,17,1,1,2,2,,
-11,-9,-13,-18,-12,-3,-4,0,,
7,4,-27,-16,16,2,0,-4,,
57,9,5,32,-3,-1,0,-1,,
-48,-9,-11,-11,-4,-1,1,9,,
12,3,18,-30,-15,2,-2,-2,,
-3,-2,-23,16,7,2,2,0,,
-9,-7,-1,-3,-1,0,-2,-5,,
5,10,37,29,22,4,1,-1,,
5,18,25,-14,-11,0,0,2,,
-12,-18,-20,10,-9,-7,-5,-6,,
-11,7,21,-29,5,8,5,2,,
19,-3,-61,24,9,-1,-5,0,,
-32,-7,29,-7,-12,-8,-4,-9,,
48,14,29,-3,-1,5,2,7,,
-77,-5,-37,36,5,-3,-2,-3,,
8,-11,1,-41,2,3,-3,-8,,
12,-11,-48,-12,-8,-1,-2,0,,
3,-7,33,-14,-7,-7,-4,0,,
15,13,-18,11,5,-3,-1,0,,
8,-10,-15,-10,1,3,0,7,,
-15,8,38,0,-6,0,2,-1,,
-16,-6,-59,31,14,-1,-1,1,,
10,-13,-3,-25,-18,-4,-1,-5,,
-17,11,14,10,-15,-2,1,-2,,
16,-5,-2,-31,1,-1,0,3,,
-17,-5,-19,27,-1,-2,-4,-6,,
9,-3,-17,-10,-16,-2,-2,3,,
31,-5,4,15,21,-2,-3,-3,,
-20,10,-14,3,2,4,3,-3,,
3,-9,-22,-59,-10,-2,-1,3,,
-2,5,36,-5,-5,-4,-2,-4,,
23,9,11,13,-9,-1,-1,7,,
3,1,7,36,-2,5,4,3,,
-21,3,9,12,16,0,-3,-5,,
18,5,-1,-38,5,3,1,4,,
-5,-7,-30,-28,-5,0,3,-5,,
9,10,47,15,-2,-6,-6,0,,
-6,-2,-6,13,-15,-4,-1,1,,
20,-9,4,15,23,7,2,-3,,
-50,-9,-27,-14,-9,-2,1,-3,,
-8,14,47,-21,-8,-1,0,0,,
16,-1,-6,-2,16,1,-2,5,,
8,13,24,1,-3,-1,2,4,,
9,-7,-38,8,2,2,-1,-3,,
-9,-19,-19,4,-16,-3,-3,-4,,
-11,5,55,23,16,-3,-4,-2,,
-2,18,11,-29,-13,1,-3,-3,,
2,-19,-20,-28,-6,1,2,3,,
-6,-1,-13,21,6,-7,-5,-4,,
7,1,-5,-11,-15,-3,2,3,,
4,5,-14,28,9,4,3,11,,
30,5,80,10,-2,-1,-3,-20,,
-70,-18,-55,-7,12,-2,-6,-5,,
17,-6,-14,-32,-9,2,-1,3,,
-11,2,32,18,-14,-5,-1,-1,,
11,16,5,12,12,1,1,11,,
19,1,-37,2,5,0,3,1,,
-21,-10,-8,-25,-4,2,0,-10,,
-13,-15,-25,-10,-11,-4,-4,-1,,
4,10,36,26,29,1,-6,-2,,
16,5,11,-16,-8,3,3,-2,,
-11,7,-19,-20,1,-3,1,2,,
9,-12,-12,-13,-6,1,0,-1,,
-6,-5,14,7,-13,-7,0,-1,,
26,3,-1,-11,3,-1,-2,-4,,
-55,-1,11,17,-3,-4,-3,-2,,
13,-8,-18,10,12,1,2,2,,
4,8,11,-6,-1,1,1,-1,,
2,-21,-42,-22,-4,-4,-2,-1,,
9,7,14,18,-3,-1,1,1,,
-11,5,-4,38,2,-2,-3,-4,,
-12,3,4,-36,7,3,-2,3,,
13,6,30,22,-12,0,2,2,,
12,-12,-30,-24,-6,-2,1,-2,,
-14,1,22,11,12,-2,-1,-3,,
11,1,10,10,-19,0,0,7,,
-21,1,6,8,23,0,-6,-16,,
39,4,-35,8,-2,1,-1,5,,
-11,-1,25,1,2,0,1,2,,
-19,-20,-71,-13,-11,-8,-4,-7,,
2,6,15,-20,-11,1,3,9,,
10,-4,22,14,6,2,-1,-6,,
-4,0,-12,-3,10,1,2,1,,
-3,4,19,2,-3,-6,-5,-3,,
7,4,13,24,2,2,3,2,,
30,-1,-10,-2,-2,-4,-5,0,,
-83,-10,-7,-17,-10,0,-6,-20,,
4,4,3,11,3,2,9,1,,
21,-8,-25,-11,0,-3,-2,8,,
-12,4,29,7,1,1,-5,-5,,
6,-2,-19,3,1,-1,-2,0,,
-1,-12,-11,-7,-2,-6,-4,2,,
-7,-5,-3,-16,-10,-1,-3,-1,,
-18,0,-8,-5,-3,-2,0,-4,,
34,-5,-14,8,0,-1,2,-3,,
-9,6,-3,5,2,1,2,-1,,
7,6,34,-2,0,1,3,6,,
-10,-5,7,2,10,3,-1,-7,,
9,4,7,-2,-8,-1,-8,6,,Training Set 5
19,8,-20,-15,-2,2,0,7,,
-13,-12,-13,-14,-2,-2,0,-3,,
-13,1,-7,2,1,3,0,0,,
3,-7,6,14,-8,-1,-3,4,,
11,-7,-36,1,-2,-9,-7,-6,,
-3,9,25,-33,1,1,3,9,,
6,-3,-11,9,-2,-1,0,-5,,
-14,-4,21,11,3,-1,-6,-9,,
4,0,18,35,5,-1,-3,-6,,
30,4,3,-36,0,-1,-1,-2,,
-75,-11,-42,17,6,1,0,4,,
-4,-20,-30,-2,-11,-2,-1,-3,,
12,6,20,-7,7,-2,1,10,,
-17,-2,4,18,4,-4,-6,-18,,
30,13,-15,-20,-22,4,5,1,,
-3,-3,-12,10,31,-2,-2,-1,,
-1,-15,-26,-30,-11,0,0,7,,
-25,-7,13,2,-10,-7,-2,-5,,
17,12,22,12,6,3,2,2,,
-11,2,-31,8,-5,3,1,1,,
-3,-5,46,-14,-3,-2,0,-4,,
27,13,4,14,7,6,5,7,,
-55,-10,3,4,-17,-5,-6,-12,,
10,3,30,-2,0,-8,-3,3,,
5,3,-44,-4,5,3,1,-6,,
-16,0,15,-6,-17,-6,-2,7,,
11,6,-13,13,19,2,0,-14,,
7,0,12,17,-4,3,2,2,,
-11,-19,-38,-24,-1,-2,-1,-5,,
5,-9,15,5,-4,-5,-4,-2,,
22,15,2,-8,-3,0,1,8,,
-13,1,-6,10,-1,-7,-5,-6,,
16,1,-11,-1,-4,4,4,0,,
-7,-5,6,-11,3,-7,-6,-5,,
3,-5,-15,-18,-4,1,0,3,,
1,-3,4,-1,-5,-1,-1,1,,
8,9,2,6,13,6,2,-2,,
3,-4,-7,19,-9,-2,-1,1,,
4,6,19,18,13,-4,-2,-13,,
2,-2,-10,-38,3,12,6,4,,
-1,4,30,13,0,-6,-2,3,,
9,6,2,3,1,6,1,0,,
12,-20,-12,-2,-11,-4,-3,1,,
0,5,-2,18,-4,-5,-2,0,,
-7,-6,-20,-41,-8,-2,0,3,,
-2,-3,0,0,4,1,-3,-2,,
13,7,25,11,2,1,4,4,,
-19,2,7,-20,5,1,0,2,,
-1,-10,3,-9,-14,-5,-5,-8,,
-4,9,-38,-10,8,2,-1,0,,
-16,16,32,12,0,-3,-2,8,,
-13,-26,2,-5,-8,0,2,-18,,
2,8,31,36,10,-3,-2,3,,
-14,-9,-35,-17,-10,-4,0,-5,,
19,4,-11,-32,1,-1,-3,1,,
-2,17,35,17,-1,2,3,6,,
-4,-24,-36,-1,-6,-8,-6,-4,,
0,9,29,-8,6,-1,0,-9,,
-3,-6,6,15,7,-2,-5,4,,
2,3,-2,-4,-10,-2,0,-2,,
-2,1,3,7,6,5,3,0,,
2,7,-19,8,-5,-1,-1,5,,
-32,-15,-22,-4,-2,5,0,-2,,
11,7,13,19,4,1,2,10,,
-4,2,3,-24,3,-1,-4,-16,,
-11,-1,22,7,1,1,1,4,,
10,-1,-26,-8,-1,-3,1,-3,,
28,-6,-6,21,6,2,-1,13,,
-10,3,-3,-12,-8,-2,2,1,,
-1,4,6,3,-3,-2,-3,0,,
26,-7,12,8,-2,0,0,-2,,
-8,7,2,-24,2,1,-1,0,,
4,-3,-27,6,-2,-2,0,3,,
-4,-4,9,1,2,1,1,-5,,
-1,-2,5,9,-4,-3,-2,2,,
7,-6,-34,-11,-10,-8,-4,-7,,
-52,1,3,3,11,2,-2,0,,
13,-5,17,-28,-9,-3,-1,9,,
15,9,11,1,3,6,5,-4,,
-7,-8,-3,8,-2,-3,-2,-4,,
14,10,5,14,-3,-4,0,2,,
-2,-5,-34,-7,-5,1,0,1,,
-11,10,72,-26,-9,-7,-8,6,,
6,-11,-46,-12,-4,-1,-1,-13,,
11,3,0,16,-4,0,0,5,,
-14,5,25,12,18,4,0,-1,,
18,0,10,24,6,0,0,2,,
-15,-10,-27,-43,-8,-6,-4,-4,,
10,-3,20,0,-5,3,1,7,,
-1,-1,-6,-11,-11,-7,-1,-12,,
2,-2,-10,14,6,3,1,-2,,
-23,-7,12,26,10,-2,-4,-3,,
23,13,34,-17,-11,6,4,5,,
-3,-7,-1,-18,-1,-7,-6,-2,,
-12,-2,-7,0,4,1,2,-2,,
14,8,-9,1,-4,4,1,4,,
3,-1,-3,4,-4,-4,-2,-5,,
-3,-4,1,19,3,2,0,-1,,
0,1,-49,-6,-13,-7,-1,-3,,
-11,-4,7,-8,9,2,-4,0,,
-7,-9,6,17,-8,1,-2,0,,
21,2,-7,-26,-12,-2,3,5,,
-20,-4,-17,19,5,-1,-2,-14,,
12,18,36,-2,-3,5,3,-1,,
-11,-17,-61,-26,-1,-10,-5,4,,
13,5,45,31,7,2,2,-1,,
5,-10,-14,-4,-7,0,-1,2,,
-28,5,12,26,4,-3,-1,2,,
26,14,10,20,5,3,-2,-2,,
-12,-20,-66,-45,-11,-3,-3,-3,,
8,-14,13,4,12,0,3,0,,
-12,-10,0,5,-3,-3,-4,-4,,
-3,9,11,5,0,2,1,1,,
5,10,-12,-13,-2,-4,-3,0,,
4,3,3,8,-3,-1,0,9,,
17,2,14,-15,-1,-2,1,-4,,
-12,-6,-4,-8,-4,-1,0,0,,
1,7,31,36,10,2,1,-1,,
2,-7,-10,-11,-16,-3,-5,1,,
-4,-3,-10,19,27,4,1,3,,
9,-4,-17,5,-2,-4,-3,-7,,
3,1,8,-4,-3,5,1,3,,
-9,-9,-14,-20,-7,-8,-5,-2,,
6,-4,-52,13,-4,0,0,1,,
-14,-5,25,-25,-1,4,1,-2,,
1,-8,3,19,-5,-3,-1,-5,,
-35,-1,-16,-26,5,-3,-3,-6,,
7,7,10,4,-6,1,3,6,,
-12,-4,-8,5,0,-2,-3,-15,,
-5,0,29,17,-5,-1,1,2,,
12,8,-3,-35,-8,0,-3,-5,,
-1,-8,-36,19,-4,-4,-2,-1,,
-6,0,52,7,11,2,0,3,,
-4,-4,-18,-1,8,0,-1,-1,,
-5,-8,-37,14,5,3,3,-2,,
9,11,40,-11,-12,-2,0,-1,,
2,-12,27,-3,4,-6,-4,-2,,
22,11,10,-13,-11,-2,1,1,,
-14,-7,-35,1,15,4,3,9,,
-4,9,18,33,-4,-1,1,-4,,
0,2,4,-9,-5,-4,-2,-3,,
2,6,19,-6,5,2,0,6,,
2,1,18,-7,-8,-2,2,0,,
-7,-9,-22,-7,7,0,-2,3,,
3,-1,-8,12,2,-1,2,-5,,
-15,-9,-32,0,-10,0,-1,1,,
19,16,6,-21,3,2,2,1,,
-20,-3,53,-16,-14,-7,-2,0,,
18,9,-18,11,12,2,2,3,,
-17,-2,6,14,5,-2,-1,-3,,
24,5,45,-10,-6,2,-1,-4,,
0,6,-11,-15,-10,-3,0,9,,
-8,-10,-7,-28,-16,0,-1,-9,,
-6,2,-8,19,12,2,2,4,,
14,10,18,22,7,-3,-1,-3,,
-3,-23,-31,-8,7,0,-2,-1,,
-2,2,15,-2,-9,-2,0,-1,,
8,-4,-27,-20,-9,-6,-6,2,,
-4,-2,-11,22,-6,-1,1,1,,
4,11,29,4,13,8,4,-2,,
3,1,-35,-13,-4,-8,-8,-4,,
-58,-18,19,8,1,-2,-2,-7,,
7,5,-1,-2,6,0,-1,3,,
15,-10,-19,-17,-15,-5,-2,1,,
-1,11,7,-20,-6,6,5,-9,,
10,-2,-27,13,15,0,-5,-1,,
-8,-3,12,4,9,3,0,1,,
0,5,36,-11,-14,-4,0,-2,,
6,0,4,24,19,0,-1,7,,
27,3,-20,-12,-21,2,5,5,,
-7,4,-12,-4,12,-3,0,-7,,
7,-8,-1,2,-3,5,0,-6,,
-25,-6,-14,-18,-12,-6,-1,2,,
9,-3,15,-1,2,-4,-3,3,,
0,4,22,25,-9,-4,-1,3,,
3,11,-15,-33,10,2,4,7,,
-1,-3,21,2,4,4,2,8,,
-11,0,-20,7,3,-2,0,-11,,
10,-2,-24,-13,-14,1,1,2,,
2,-5,-4,21,-7,-7,-8,-3,,
0,1,42,9,3,0,0,1,,
21,9,2,-6,1,-2,0,4,,
-21,-13,-21,-15,-6,-2,0,-5,,
-9,4,2,-10,11,3,2,-1,,
48,-5,-62,-1,-7,-3,-2,0,,
-74,-11,18,-4,-4,1,-1,-13,,
18,7,41,22,5,-1,-1,6,,
-20,-2,-22,21,8,2,-1,-4,,
12,-5,-28,-23,-4,-3,-1,10,,
11,12,4,-23,4,3,4,-13,,
-14,-2,-26,-10,-13,-3,-3,-2,,
13,-5,45,18,8,-1,-1,-3,,
-25,-5,-7,10,-4,0,3,8,,
11,6,-21,13,-4,-4,-2,1,,
22,-1,20,-10,13,5,1,2,,
-52,-1,-13,-5,-11,0,-1,-11,,
-20,-9,-32,14,12,-3,-6,-9,,
18,3,37,-3,-13,-9,-3,-2,,
-2,-20,-39,-12,5,4,1,-3,,
26,-1,-10,1,0,-2,-2,16,,Training Set 6
19,3,-13,16,15,3,2,2,,
-51,-3,29,1,-9,-7,-3,-2,,
-6,-17,-96,9,14,5,3,0,,
7,-7,13,-12,-5,2,0,-4,,
-15,5,-20,14,9,-2,-3,-11,,
4,2,37,2,6,-6,-5,-6,,
7,4,-22,-11,-8,-1,2,5,,
-16,-7,3,-22,2,3,1,-4,,
8,-5,-2,19,6,3,0,0,,
6,-3,-31,-14,-15,-1,2,-1,,
-15,1,-52,-8,-12,-8,-8,-8,,
20,-5,34,20,-6,-8,-2,2,,
-3,2,-18,-23,11,10,3,3,,
5,4,12,29,-3,7,3,0,,
-4,-4,-7,-18,1,-7,-5,1,,
38,-3,-35,-24,-8,-4,-3,-1,,
-40,-2,11,4,-13,-6,-4,2,,
3,-3,-4,21,18,-2,-2,-8,,
7,10,42,-32,2,2,0,-1,,
0,8,29,17,6,3,3,5,,
7,1,-43,6,-7,-5,-3,-4,,
9,-4,-8,-24,-17,-2,-2,-1,,
8,13,54,67,12,2,1,-2,,
-8,-9,-4,-39,8,3,1,4,,
7,2,-19,-27,-15,-3,-2,1,,
-8,6,22,-20,2,-3,-2,3,,
3,-5,0,-21,-10,-4,-3,-1,,
22,9,-18,36,10,5,1,1,,
-35,-16,-9,2,-6,-8,-4,5,,
12,-3,34,25,18,4,1,-6,,
7,5,13,-27,-16,2,2,10,,
-12,3,-3,3,-6,-6,0,-4,,
17,7,20,9,12,2,0,6,,
-1,-7,-35,-11,-10,-5,-2,-4,,
5,-2,16,-10,6,8,4,7,,
-16,3,-5,27,5,-2,4,-2,,
-5,-6,34,0,-13,-7,-4,-10,,
-1,14,-13,-14,-1,4,0,2,,
-5,-25,-1,-18,-12,0,0,-4,,
-1,-1,14,8,-1,-1,-4,8,,
-5,-1,-19,5,14,-2,-2,-5,,
12,1,-14,3,-5,0,1,2,,
24,8,27,38,6,1,2,7,,
-24,-15,-82,-19,-7,-5,-2,0,,
7,-1,19,-5,-2,-1,-1,-1,,
1,-5,-3,-34,-11,-1,0,2,,
13,7,-7,12,2,-1,0,4,,
-8,4,31,10,2,6,2,-1,,
1,12,6,10,6,3,3,-1,,
2,-16,-52,-32,0,-2,0,-1,,
-23,-5,16,22,14,-8,-4,-9,,
12,7,-1,-37,-14,-7,-5,-5,,
-6,-21,19,-14,-14,-5,-3,0,,
6,8,-4,31,5,0,1,5,,
-15,-2,-16,-14,-7,0,-1,-11,,
1,4,22,-3,6,0,-1,-4,,
-18,-7,-37,7,-2,1,1,7,,
-4,9,40,30,3,-4,-6,0,,
-2,1,0,13,-7,-2,-3,-2,,
-9,-15,-47,-51,-21,-6,-4,-4,,
18,6,19,-10,34,11,2,-3,,
-5,8,23,20,-13,-3,1,2,,
-16,-13,-45,6,15,2,1,-2,,
20,7,69,19,-8,-4,-3,-3,,
-3,8,-29,-5,8,5,5,0,,
-13,-20,-45,-19,0,-6,-7,-3,,
26,14,20,-5,-9,5,6,16,,
-8,6,1,38,11,-5,-10,-27,,
12,-7,-7,-14,-19,-3,3,3,,
-42,-6,-16,0,7,0,-3,2,,
-2,2,0,-44,-14,1,4,4,,
0,-10,-10,16,8,3,3,11,,
-11,3,1,7,9,-6,-8,-8,,
32,11,-14,8,-14,6,6,-3,,
-18,-27,30,-10,8,-12,-11,-9,,
-11,7,2,-1,7,5,6,5,,
16,0,1,34,6,-3,-3,0,,
6,3,31,-33,-6,2,4,1,,
-4,1,-38,10,-9,-5,0,8,,
13,2,32,2,8,6,-1,-11,,
18,-3,19,-20,-18,3,4,2,,
6,1,10,10,14,-5,-3,-3,,
-4,17,-6,10,-6,0,-3,-3,,
-10,-29,3,-22,-4,-4,-2,6,,
11,4,-24,-2,-2,-1,0,1,,
-5,-2,5,-2,-2,0,-2,-7,,
-1,6,46,9,3,2,1,-8,,
9,0,-27,20,8,0,2,13,,
4,10,10,-16,-5,0,-4,-5,,
-7,-5,31,14,-3,-1,1,0,,
-5,-2,-55,-9,-5,0,-1,-7,,
-12,-7,26,11,7,1,-2,3,,
21,1,16,-4,4,-6,-2,-4,,
-58,1,-38,20,1,0,-2,-5,,
20,6,10,9,11,6,3,1,,
-5,3,-10,-10,-11,-5,-1,1,,
-17,-12,-23,12,-11,-4,-4,-1,,
24,4,16,-2,15,4,-1,0,,
-6,-10,0,-3,9,0,-1,3,,
-5,18,16,-5,-3,-6,-1,-1,,
-12,-11,-12,11,-17,-4,0,-5,,
-9,-16,-22,-6,-6,1,-1,-5,,
-3,16,35,5,10,-2,1,-2,,
23,-7,-23,1,-10,0,-4,3,,
4,8,-18,-51,-1,-2,2,0,,
-49,-2,-28,12,-6,1,2,3,,
-3,-3,13,-5,-7,-2,-3,-1,,
-4,1,-17,3,2,-2,-2,-7,,
-5,-8,-22,3,-1,-1,-1,0,,
25,3,26,-2,-4,2,2,0,,
6,-6,-12,-1,-1,-3,-4,-1,,
-16,1,18,31,5,1,0,-2,,
-8,-11,-1,-72,-12,-6,-4,-3,,
17,14,65,-14,-10,-3,-1,0,,
-7,3,-10,11,3,-3,0,0,,
1,1,-8,-15,-6,5,3,2,,
-11,0,39,14,4,-3,-4,1,,
8,0,-26,11,4,2,1,-5,,
1,-4,-30,-2,-8,-3,0,4,,
-1,-7,14,0,-6,-4,-1,0,,
-4,17,-42,-3,15,7,0,-1,,
12,-25,48,-8,-13,-8,-5,6,,
-3,-3,-17,-12,-2,4,0,-3,,
7,-9,-44,-19,3,-1,0,0,,
-5,4,36,15,-10,-1,-2,-2,,
20,0,-32,-10,11,-6,-3,-1,,
-8,1,8,-11,-6,-2,-5,-5,,
-6,12,17,10,-3,0,2,2,,
-2,-21,-54,5,-13,-2,1,3,,
-19,5,6,5,21,3,-2,-4,,
12,5,10,-4,-8,2,2,3,,
7,-7,12,-6,-6,0,1,1,,
9,7,21,1,1,1,1,0,,
1,-5,-44,-14,-3,-2,-3,0,,
-3,-5,-4,0,-1,-2,0,-3,,
3,9,18,8,-3,-3,-4,-6,,
-2,-3,7,12,2,-1,2,1,,
3,3,-14,-26,-16,1,3,0,,
2,-20,44,11,3,-2,-3,-1,,
1,7,-35,-8,-17,-8,-5,1,,
-3,-3,-16,9,29,6,1,-4,,
-5,6,0,-2,-14,-3,-1,-2,,
-4,-1,-17,5,-3,-5,0,-1,,
-18,-7,-18,-25,8,5,-2,-10,,
3,-8,-17,6,-13,-5,-6,5,,
51,8,49,19,8,0,-2,-4,,
-88,-7,-23,-18,-3,0,1,-4,,
0,2,16,4,4,-7,0,0,,
5,6,2,-16,-5,3,-3,-5,,
2,-3,-22,5,5,3,2,4,,
14,-6,46,23,-8,-5,-7,-7,,
-3,4,-1,-35,2,1,1,3,,
-10,5,13,-14,-3,0,0,-2,,
-10,-22,-10,8,-8,-3,-1,-3,,
27,7,-8,9,11,-2,-1,7,,
-13,-2,-47,-9,-4,3,2,1,,
15,21,92,54,23,3,3,5,,
-20,0,-33,-43,-18,-4,-2,-1,,
21,-3,-42,-23,-3,-1,0,-5,,
8,2,38,19,1,7,1,3,,
-7,-4,5,11,0,-9,-4,-3,,
3,-3,-11,17,14,7,3,-2,,
14,5,-16,-16,9,5,3,9,,
2,-24,6,15,-2,-7,-6,-4,,
-8,0,-1,-7,-21,2,2,-3,,
12,0,-5,-3,25,1,-3,0,,
10,14,-28,7,-3,3,2,2,,
-1,-14,8,-2,-3,-3,-3,-7,,
1,0,25,21,10,1,1,2,,
-6,-2,-20,0,-13,-6,0,4,,
8,2,40,-15,5,3,-1,4,,
-9,15,13,29,5,0,2,-1,,
-4,-20,-57,-36,-10,-7,-7,0,,
25,13,30,19,0,-5,-2,1,,
-77,-8,1,3,-13,0,1,-10,,
9,2,10,-10,0,-3,-5,3,,
11,-2,-25,19,13,4,4,-5,,
-25,-22,-10,-17,-20,-3,-6,-6,,
30,1,8,1,6,-5,-1,4,,
-16,-8,23,13,0,1,-4,-18,,
-7,3,-23,-26,3,3,0,7,,
-5,-8,-16,34,7,-1,1,-1,,
-6,-3,20,1,-12,0,-1,-8,,
-1,8,-28,-37,11,4,0,1,,
18,-3,14,2,-3,-3,-1,-6,,
-10,5,35,-4,-5,-4,-1,0,,
5,2,-20,19,13,2,1,5,,
13,9,0,-6,-5,-2,3,1,,
-37,-5,-14,3,-4,-4,-8,-5,,
-8,-1,7,-11,-7,1,0,-6,,
14,4,-12,-5,-3,1,3,13,,
4,0,-4,21,8,3,1,6,,
-6,-3,27,-13,-9,-1,0,-3,,
10,13,13,15,10,3,-1,5,,
-7,-13,-28,-2,-3,-3,-1,-12,,
4,-6,-27,-30,-24,-7,1,2,,
11,6,18,30,27,6,3,8,,
32,-5,-48,-29,-7,1,0,0,,
-51,1,44,25,8,-1,-4,-3,,
12,-5,-36,-13,-3,3,5,10,,Training Set 7
